<?xml version="1.0" encoding="UTF-8"?>
<project xmlns="http://maven.apache.org/POM/4.0.0" xmlns:xsi="http://www.w3.org/2001/XMLSchema-instance" xsi:schemaLocation="http://maven.apache.org/POM/4.0.0 http://maven.apache.org/maven-v4_0_0.xsd">
  <modelVersion>4.0.0</modelVersion>
  <groupId>com.example</groupId>
  <artifactId>loadadw</artifactId>
  <version>1.0-SNAPSHOT</version>
  <build>
    <plugins>
      <plugin>
        <artifactId>maven-compiler-plugin</artifactId>
        <version>3.8.0</version>
        <configuration>
          <source>1.8</source>
          <target>1.8</target>
        </configuration>
      </plugin>
      <plugin>
        <artifactId>maven-surefire-plugin</artifactId>
        <version>2.22.0</version>
      </plugin>
      <plugin>
        <artifactId>maven-shade-plugin</artifactId>
        <version>3.2.4</version>
        <executions>
          <execution>
            <phase>package</phase>
            <goals>
              <goal>shade</goal>
            </goals>
          </execution>
        </executions>
        <configuration>
          <filters>
            <filter>
              <artifact>*:*</artifact>
              <excludes>
                <exclude>META-INF/*.SF</exclude>
                <exclude>META-INF/*.DSA</exclude>
                <exclude>META-INF/*.RSA</exclude>
              </excludes>
            </filter>
          </filters>
          <artifactSet>
            <excludes>
              <exclude>org.bouncycastle:bcpkix-jdk15on</exclude>
              <exclude>org.bouncycastle:bcprov-jdk15on</exclude>
              <exclude>com.google.code.findbugs:jsr305</exclude>
            </excludes>
          </artifactSet>
        </configuration>
      </plugin>
    </plugins>
  </build>
  <repositories>
    <repository>
      <id>project.local</id>
      <name>project</name>
      <url>file:${project.basedir}/repo</url>
    </repository>
  </repositories>
  <dependencies>
    <dependency>
      <groupId>com.oracle.oci.sdk</groupId>
      <artifactId>oci-hdfs-connector</artifactId>
      <version>2.9.2.6</version>
      <scope>provided</scope>
    </dependency>
    <dependency>
      <groupId>org.apache.spark</groupId>
      <artifactId>spark-core_2.12</artifactId>
      <version>3.0.2</version>
      <scope>provided</scope>
    </dependency>
    <dependency>
      <groupId>org.apache.spark</groupId>
      <artifactId>spark-sql_2.12</artifactId>
      <version>3.0.2</version>
      <scope>provided</scope>
    </dependency>
  </dependencies>
  <properties>
    <oci-java-sdk-version>1.15.4</oci-java-sdk-version>
  </properties>
</project>
